,symbol,name
0,300815,玉禾田
1,300961,深水海纳
2,000967,盈峰环境
3,688679,通源环境
4,603359,东珠生态
5,688021,奥福环保
6,301259,艾布鲁
7,003027,同兴科技
8,600539,狮头股份
9,688178,万德斯
10,603200,上海洗霸
11,002573,清新环境
12,605069,正和生态
13,000920,沃顿科技
14,002210,飞马国际
15,002310,*ST东园
16,601033,永兴股份
17,688309,恒誉环保
18,688701,卓锦股份
19,301203,国泰环保
20,301049,超越科技
21,002479,富春环保
22,300203,聚光科技
23,688565,力源科技
24,300929,华骐环保
25,002887,绿茵生态
26,688485,九州一轨
27,603126,中材节能
28,001230,劲旅环境
29,301127,武汉天源
30,300140,节能环境
31,688335,复洁环保
32,300800,力合科技
33,300774,倍杰特
34,300422,博世科
35,300614,百川畅银
36,301265,华新环保
37,300190,维尔利
38,301500,飞南资源
39,002645,华宏科技
40,603686,福龙马
41,000551,创元科技
42,300197,节能铁汉
43,688659,元琛科技
44,300948,冠中生态
45,301109,军信股份
46,603797,联泰环保
47,300864,南大环境
48,603903,中持股份
49,603324,盛剑科技
50,836263,中航泰达
51,300786,国林科技
52,300958,建工修复
53,300334,津膜科技
54,600388,龙净环保
55,688466,金科环境
56,301372,科净源
57,300187,永清环保
58,300172,中电环保
59,300335,迪森股份
60,300425,中建环能
61,600796,钱江生化
62,300388,节能国祯
63,300631,久吾高科
64,601330,绿色动力
65,301068,大地海洋
66,688370,丛麟科技
67,603817,海峡环保
68,603177,德创环保
69,600526,菲达环保
70,301148,嘉戎技术
71,300692,中环环保
72,300070,碧水源
73,002973,侨银股份
74,002672,东江环保
75,002266,浙富控股
76,000826,启迪环境
77,688480,赛恩斯
78,600323,瀚蓝环境
79,688101,三达膜
80,688057,金达莱
81,301081,严牌股份
82,603568,伟明环保
83,300210,森远股份
84,300664,鹏鹞环保
85,300854,中兰环保
86,300055,万邦达
87,832802,保丽洁
88,000885,城发环境
89,000546,金圆股份
90,000068,华控赛格
91,300385,雪浪环境
92,600217,中再资环
93,300867,圣元环保
94,300355,蒙草生态
95,688376,美埃科技
96,301175,中科环保
97,301288,*ST清研
98,601827,三峰环境
99,600874,创业环保
100,601200,上海环境
101,603588,高能环境
102,000035,中国天楹
103,300056,中创环保
104,000711,*ST京蓝
105,300137,ST先河
106,300152,ST新动力
107,300779,惠城环保
108,688069,德林海
109,300899,*ST凯鑫
110,002034,旺能环境
111,605081,*ST太和
112,300266,兴源环境
113,831370,新安洁
114,301305,朗坤科技
115,600292,远达环保
116,000820,*ST节能
117,002717,ST岭南
118,688096,京源环保
